UTC time, Altitude (m MSL), Altitude (m AGL), Pressure (Pascal), Speed (m/s), Heading (degrees), Temperature (C), Relative humidity (%), Internal temperature (C), Latitude, Longitude, Rise speed (m/s)
20:56:24, 8, 0, 98146,  ,  , -10.47, 72.60,  ,  ,  , 
20:56:29, 8, 0, 98146,  ,  , -10.04, 73.40,  ,  ,  , 
20:56:30, 8, 0, 98146,  ,  , -9.91, 73.40,  ,  ,  , 
20:56:31, 7, -1, 98147,  ,  , -9.90, 73.40,  ,  ,  , 
20:56:32, 7, -1, 98148,  ,  , -9.96, 73.30,  ,  ,  , 
20:56:33, 8, 0, 98146,  ,  , -10.08, 73.20,  ,  ,  , 
20:56:34, 8, 0, 98144,  ,  , -10.23, 73.05,  ,  ,  , 
20:56:35, 8, 0, 98142,  ,  , -10.40, 72.80,  ,  ,  , 
20:57:35, 8, 0, 98142,  ,  , -10.55, 68.15,  ,  ,  , 0
20:57:37, 8, 0, 98140,  ,  , -10.69, 67.50,  ,  ,  , 0
20:57:38, 8, 0, 98140,  ,  , -10.73, 67.45,  ,  ,  , 0
20:57:39, 8, 0, 98140,  ,  , -10.74, 67.40,  ,  ,  , 0
20:57:40, 8, 0, 98140,  ,  , -10.83, 67.45,  ,  ,  , 0
20:57:41, 8, 0, 98140,  ,  , -10.86, 67.60,  ,  ,  , 0
20:57:42, 8, 0, 98138,  ,  , -10.88, 67.75,  ,  ,  , 0
20:57:43, 8, 0, 98137,  ,  , -10.91, 67.95,  ,  ,  , 0
20:57:44, 8, 0, 98136,  ,  , -10.94, 68.10,  ,  ,  , 0
20:57:50, 8, 0, 98134,  ,  , -10.98, 68.80,  ,  ,  , 0
20:57:51, 8, 0, 98134,  ,  , -11.25, 68.90,  ,  ,  , 0
20:57:52, 8, 0, 98134,  ,  , -11.36, 68.85,  ,  ,  , 0
20:57:53, 8, 0, 98134,  ,  , -11.41, 68.80,  ,  ,  , 0
20:57:54, 8, 0, 98134,  ,  , -11.43, 68.75,  ,  ,  , 0
20:57:55, 8, 0, 98134,  ,  , -11.45, 68.70,  ,  ,  , 0
20:57:56, 8, 0, 98134,  ,  , -11.44, 68.70,  ,  ,  , 0
20:57:57, 9, 0, 98132,  ,  , -11.41, 68.70,  ,  ,  , 0
20:57:58, 9, 0, 98131,  ,  , -11.40, 68.70,  ,  ,  , 0
20:57:59, 9, 0, 98130,  ,  , -11.30, 68.85,  ,  ,  , 0
20:58:00, 9, 0, 98130,  ,  , -11.26, 69.10,  ,  ,  , 0
20:58:01, 9, 0, 98131,  ,  , -11.22, 69.45,  ,  ,  , 0
20:58:02, 9, 0, 98132,  ,  , -11.24, 69.85,  ,  ,  , 0
20:58:03, 9, 0, 98130,  ,  , -11.27, 70.25,  ,  ,  , 0
20:58:04, 9, 0, 98129,  ,  , -11.29, 70.60,  ,  ,  , 0
20:58:05, 9, 0, 98128,  ,  , -11.31, 70.90,  ,  ,  , 0
20:58:06, 9, 0, 98130,  ,  , -11.30, 71.15,  ,  ,  , 0
20:58:07, 9, 0, 98132,  ,  , -11.27, 71.30,  ,  ,  , 0
20:58:08, 8, 0, 98134,  ,  , -11.24, 71.40,  ,  ,  , 0
20:58:09, 9, 0, 98132,  ,  , -11.16, 71.60,  ,  ,  , 0
20:58:10, 9, 0, 98130,  ,  , -11.08, 71.85,  ,  ,  , 0
20:58:11, 9, 0, 98128,  ,  , -10.88, 72.15,  ,  ,  , 0
20:58:12, 9, 0, 98127,  ,  , -10.60, 72.60,  ,  ,  , 0
20:58:13, 9, 0, 98126,  ,  , -10.34, 73.10,  ,  ,  , 0
20:58:14, 9, 0, 98126,  ,  , -10.10, 73.65, -5.5,  ,  , 0
20:58:15, 9, 0, 98128,  ,  , -10.07, 74.20,  ,  ,  , 0
20:58:16, 9, 0, 98131,  ,  , -10.11, 74.80,  ,  ,  , 0
20:58:17, 8, 0, 98134,  ,  , -10.14, 75.40,  ,  ,  , 0
20:58:18, 9, 0, 98132,  ,  , -10.26, 75.85,  ,  ,  , 0
20:58:19, 9, 0, 98131,  ,  , -10.35, 76.15,  ,  ,  , 0
20:58:20, 9, 0, 98130,  ,  , -10.48, 76.30,  ,  ,  , 0
20:58:21, 9, 0, 98128,  ,  , -10.62, 76.30,  ,  ,  , 0
20:58:22, 9, 0, 98127,  ,  , -10.74, 76.20,  ,  ,  , 0
20:58:23, 9, 0, 98126,  ,  , -10.89, 76.00,  ,  ,  , 0
20:58:24, 9, 0, 98127,  ,  , -11.03, 75.80,  ,  ,  , 0
20:58:25, 9, 0, 98128,  ,  , -11.21, 75.55,  ,  ,  , 0
20:58:26, 9, 0, 98130,  ,  , -11.39, 75.25,  ,  ,  , 0
20:58:27, 9, 0, 98129,  ,  , -11.47, 75.00,  ,  ,  , 0
20:58:28, 9, 0, 98128,  ,  , -11.55, 74.70,  ,  ,  , 0
20:58:29, 9, 0, 98128,  ,  , -11.44, 74.45,  ,  ,  , 0
20:58:30, 9, 0, 98128,  ,  , -11.38, 74.25,  ,  ,  , 0
20:58:31, 9, 0, 98129,  ,  , -11.32, 74.10,  ,  ,  , 0
20:58:32, 9, 0, 98130,  ,  , -11.26, 74.00,  ,  ,  , 0
20:58:32, 9, 0, 98129,  ,  , -11.24, 73.90,  ,  ,  , 0
20:58:33, 9, 0, 98128,  ,  , -11.26, 73.85,  ,  ,  , 0
20:58:34, 9, 0, 98128,  ,  , -11.23, 73.80,  ,  ,  , 0
20:58:36, 9, 0, 98128,  ,  , -11.15, 73.75,  ,  ,  , 0
20:58:37, 9, 0, 98128,  ,  , -11.14, 73.70,  ,  ,  , 0
20:58:40, 10, 1, 98117, 0.80, 349.00, -11.29, 73.55,  ,  ,  , 0.1
20:58:41, 10, 1, 98112, 0.10, 349.00, -11.47, 73.50, -5.0, 78.202497, 15.829662, 0.1
20:58:43, 9, 0, 98123, 0.10, 349.00, -11.80, 73.25,  ,  ,  , 0
20:58:44, 9, 0, 98130, 0.05, 349.00, -11.95, 73.05,  , 78.202462, 15.829685, 0
20:58:47, 9, 0, 98126, 0.10, 349.00, -12.05, 72.60,  , 78.202473, 15.829558, 0
20:58:49, 9, 0, 98122, 0.10, 349.00, -12.11, 72.20,  , 78.202462, 15.829653, 0
20:58:51, 9, 0, 98124, 0.10, 349.00, -12.12, 72.05,  ,  ,  , 0
20:58:52, 9, 0, 98126, 0.10, 349.00, -12.11, 72.00,  , 78.202442, 15.829688, -0.1
20:58:56, 9, 0, 98122, 0.10, 349.00, -12.11, 71.90,  , 78.202460, 15.829695, 0
20:58:58, 9, 0, 98122, 0.05, 349.00, -12.20, 71.85,  , 78.202487, 15.829618, 0
20:59:01, 9, 0, 98122, 0.00, 349.00, -12.26, 71.80,  ,  ,  , 0
20:59:02, 9, 0, 98122, 0.05, 349.00, -12.32, 71.80,  , 78.202488, 15.829577, 0
20:59:03, 9, 0, 98121, 0.10, 349.00, -12.40, 71.80,  ,  ,  , 0
20:59:04, 10, 1, 98120, 0.15, 349.00, -12.45, 71.70,  ,  ,  , 0
20:59:05, 10, 1, 98120, 0.10, 349.00, -12.49, 71.70,  , 78.202477, 15.829623, 0
20:59:07, 9, 0, 98124, 0.20, 349.00, -12.51, 71.65,  ,  ,  , 0
20:59:08, 9, 0, 98126, 0.15, 349.00, -12.57, 71.65, -3.8, 78.202490, 15.829638, 0
20:59:10, 9, 0, 98122, 0.10, 349.00, -12.66, 71.65,  ,  ,  , 0
20:59:11, 10, 1, 98120, 0.10, 349.00, -12.70, 71.65,  , 78.202492, 15.829635, 0
20:59:13, 9, 0, 98121, 0.25, 349.00, -12.75, 71.65,  ,  ,  , 0
20:59:14, 9, 0, 98122, 0.50, 307.40, -12.77, 71.65,  , 78.202497, 15.829597, 0
20:59:16, 10, 1, 98120, 0.80, 307.90, -12.75, 71.70,  ,  ,  , 0
20:59:17, 10, 1, 98120, 0.60, 290.00, -12.75, 71.75,  , 78.202503, 15.829513, 0
20:59:20, 10, 1, 98116, 0.30, 303.20, -12.92, 71.90,  , 78.202505, 15.829480, 0
20:59:23, 11, 2, 98108, 0.20, 303.20, -13.13, 71.95,  , 78.202507, 15.829462, 0.1
20:59:26, 11, 2, 98098, 0.15, 303.20, -13.36, 71.90,  , 78.202508, 15.829453, 0.2
20:59:28, 11, 2, 98096, 0.10, 303.20, -13.54, 71.80,  ,  ,  , 0.2
20:59:29, 11, 2, 98096, 0.05, 303.20, -13.65, 71.75,  , 78.202503, 15.829457, 0.2
20:59:32, 12, 3, 98092, 0.05, 303.20, -13.96, 71.60,  , 78.202505, 15.829457, 0.1
20:59:34, 12, 3, 98089, 0.15, 303.20, -14.18, 71.55,  ,  ,  , 0.1
20:59:35, 12, 3, 98088, 0.15, 303.20, -14.31, 71.50, -3.0, 78.202508, 15.829453, 0.1
20:59:37, 12, 3, 98092, 0.10, 303.20, -14.37, 71.50,  ,  ,  , 0.1
20:59:38, 12, 3, 98094, 0.10, 303.20, -14.50, 71.50,  , 78.202513, 15.829430, 0.1
20:59:39, 12, 3, 98092, 0.20, 303.20, -14.54, 71.55,  ,  ,  , 0
20:59:40, 12, 3, 98090, 0.20, 303.20, -14.56, 71.60,  ,  ,  , 0
20:59:41, 12, 3, 98088, 0.15, 303.20, -14.57, 71.65,  , 78.202520, 15.829427, 0.1
20:59:43, 12, 3, 98088, 0.05, 303.20, -14.59, 71.80,  ,  ,  , 0
20:59:44, 12, 3, 98088, 0.05, 303.20, -14.59, 71.95,  , 78.202522, 15.829437, 0
20:59:47, 12, 3, 98092, 0.00, 303.20, -14.57, 72.55,  ,  ,  , 0
20:59:48, 12, 3, 98094, 0.00, 303.20, -14.59, 72.80,  ,  ,  , 0
20:59:49, 11, 2, 98096, 0.00, 303.20, -14.61, 73.05,  , 78.202523, 15.829448, 0
20:59:50, 11, 2, 98096, 0.05, 303.20, -14.62, 73.30,  ,  ,  , 0
20:59:51, 11, 2, 98096, 0.05, 303.20, -14.61, 73.50,  ,  ,  , 0
20:59:52, 11, 2, 98096, 0.05, 303.20, -14.62, 73.70,  , 78.202523, 15.829462, 0
20:59:54, 11, 2, 98097, 0.05, 303.20, -14.66, 74.10,  ,  ,  , -0.1
20:59:55, 11, 2, 98098, 0.05, 303.20, -14.69, 74.25,  , 78.202522, 15.829448, -0.1
20:59:57, 11, 2, 98098, 0.05, 303.20, -14.69, 74.55,  ,  ,  , -0.1
20:59:58, 11, 2, 98098, 0.15, 303.20, -14.70, 74.75,  , 78.202522, 15.829430, -0.1
21:00:00, 11, 2, 98099,  ,  , -14.72, 75.00,  ,  ,  , 0
21:00:01, 11, 2, 98100,  ,  , -14.76, 75.15, -3.8,  ,  , 0
21:00:03, 11, 2, 98105, 0.05, 303.20, -14.82, 75.35,  ,  ,  , -0.1
21:00:04, 11, 2, 98108, 0.20, 303.20, -14.86, 75.45,  , 78.202523, 15.829447, -0.1
21:00:06, 10, 1, 98120, 0.05, 303.20, -14.92, 75.60,  ,  ,  , -0.1
21:00:07, 9, 0, 98126, 0.15, 303.20, -14.95, 75.70,  , 78.202528, 15.829458, -0.2
21:00:09, 10, 1, 98119, 0.55, 65.40, -15.01, 75.85,  ,  ,  , -0.1
21:00:10, 10, 1, 98116, 0.75, 63.30, -15.07, 75.85,  , 78.202533, 15.829513, -0.1
21:00:13, 10, 1, 98118, 0.15, 66.00, -15.17, 76.05,  , 78.202538, 15.829543, -0.1
21:00:14, 10, 1, 98118, 0.15, 66.00, -15.21, 76.10,  ,  ,  , -0.1
21:00:15, 10, 1, 98119, 0.00, 66.00, -15.23, 76.05,  ,  ,  , -0.1
21:00:16, 10, 1, 98120, 0.25, 66.00, -15.26, 76.10,  , 78.202540, 15.829555, -0.1
21:00:17, 9, 0, 98125, 0.25, 66.00, -15.29, 76.15,  ,  ,  , -0.1
21:00:18, 9, 0, 98130, 0.35, 348.70, -15.30, 76.25,  ,  ,  , -0.1
21:00:19, 8, 0, 98136, 0.40, 324.70, -15.33, 76.25,  , 78.202547, 15.829573, -0.1
21:00:20, 9, 0, 98133,  ,  , -15.36, 76.30,  ,  ,  , 0
21:00:21, 9, 0, 98130,  ,  , -15.39, 76.35,  ,  ,  , 0
21:00:22, 9, 0, 98128,  ,  , -15.43, 76.35,  ,  ,  , -0.1
21:00:23, 9, 0, 98128, 0.90, 72.70, -15.47, 76.40,  ,  ,  , -0.1
21:00:24, 9, 0, 98128, 1.45, 73.10, -15.51, 76.40,  ,  ,  , -0.1
21:00:25, 9, 0, 98128, 1.15, 65.70, -15.55, 76.45,  , 78.202572, 15.829830, -0.1
21:00:26, 9, 0, 98131, 1.15, 65.70, -15.59, 76.45,  ,  ,  , -0.1
21:00:27, 8, 0, 98134, 1.25, 61.30, -15.63, 76.50,  ,  ,  , -0.1
21:00:28, 8, 0, 98138, 1.05, 48.30, -15.67, 76.55, -4.2, 78.202595, 15.830010, -0.1
21:00:29, 8, 0, 98138, 1.05, 48.30, -15.69, 76.65,  ,  ,  , -0.1
21:00:30, 8, 0, 98139, 1.65, 88.80, -15.72, 76.70,  ,  ,  , -0.1
21:00:31, 8, 0, 98140, 1.15, 66.80, -15.73, 76.75,  , 78.202600, 15.830122, -0.1
21:00:32, 8, 0, 98142, 0.70, 69.10, -15.73, 76.80,  ,  ,  , -0.1
21:00:33, 8, 0, 98144, 0.70, 69.10, -15.74, 76.85,  ,  ,  , -0.1
21:00:34, 8, 0, 98146, 0.55, 55.50, -15.74, 76.90,  , 78.202603, 15.830225, -0.1
21:00:35, 8, 0, 98144, 0.10, 55.50, -15.74, 76.95,  ,  ,  , -0.1
21:00:36, 8, 0, 98143, 0.05, 55.50, -15.74, 77.05,  ,  ,  , -0.1
21:00:37, 8, 0, 98142, 0.05, 55.50, -15.76, 77.10,  , 78.202602, 15.830255, -0.1
21:00:38, 8, 0, 98141, 0.10, 55.50, -15.79, 77.20,  ,  ,  , -0.1
21:00:39, 8, 0, 98140, 0.10, 55.50, -15.81, 77.25,  ,  ,  , 0
21:00:40, 8, 0, 98140, 0.25, 55.50, -15.80, 77.35,  , 78.202595, 15.830270, 0
21:00:41, 8, 0, 98139, 0.20, 55.50, -15.81, 77.40,  ,  ,  , 0
21:00:42, 8, 0, 98138, 0.10, 187.20, -15.81, 77.45,  ,  ,  , 0
21:00:43, 8, 0, 98138, 0.00, 187.20, -15.80, 77.50,  , 78.202595, 15.830278, 0
21:00:44, 8, 0, 98138, 0.00, 187.20, -15.79, 77.60,  ,  ,  , 0
21:00:45, 8, 0, 98139, 0.00, 187.20, -15.79, 77.65,  ,  ,  , 0
21:00:46, 8, 0, 98140, 0.10, 187.20, -15.79, 77.75,  , 78.202595, 15.830287, 0
21:00:47, 8, 0, 98140, 0.15, 187.20, -15.76, 77.80,  ,  ,  , 0
21:00:48, 8, 0, 98141, 0.15, 187.20, -15.74, 77.90,  ,  ,  , 0
21:00:49, 8, 0, 98142, 0.15, 187.20, -15.73, 77.95,  , 78.202595, 15.830282, 0
21:00:50, 8, 0, 98141, 0.15, 187.20, -15.72, 78.05,  ,  ,  , 0
21:00:51, 8, 0, 98140, 0.10, 187.20, -15.70, 78.10,  ,  ,  , 0
21:00:52, 8, 0, 98140, 0.10, 187.20, -15.67, 78.20,  , 78.202598, 15.830282, 0
21:00:53, 8, 0, 98140, 0.05, 187.20, -15.63, 78.25,  ,  ,  , 0
21:00:54, 8, 0, 98141, 0.05, 187.20, -15.60, 78.35,  ,  ,  , 0
21:00:55, 8, 0, 98142, 0.05, 187.20, -15.59, 78.40, -4.5, 78.202600, 15.830285, 0
21:00:56, 8, 0, 98140, 0.00, 187.20, -15.59, 78.50,  ,  ,  , 0
21:00:57, 8, 0, 98139, 0.15, 187.20, -15.59, 78.55,  ,  ,  , 0
21:00:58, 8, 0, 98138, 0.00, 187.20, -15.59, 78.65,  , 78.202602, 15.830275, 0
21:01:01, 8, 0, 98138, 0.20, 187.20, -15.42, 78.90,  , 78.202605, 15.830285, 0
21:01:02, 8, 0, 98139, 0.20, 187.20, -15.40, 79.00,  ,  ,  , 0
21:01:03, 8, 0, 98140, 0.15, 187.20, -15.37, 79.10,  ,  ,  , 0
21:01:04, 8, 0, 98142, 0.15, 187.20, -15.36, 79.20,  , 78.202607, 15.830282, 0
21:01:05, 8, 0, 98139, 0.10, 187.20, -15.33, 79.30,  ,  ,  , 0
21:01:06, 8, 0, 98137, 0.10, 187.20, -15.30, 79.35,  ,  ,  , 0
21:01:07, 8, 0, 98136, 0.05, 187.20, -15.29, 79.50,  , 78.202605, 15.830272, 0
21:01:08, 8, 0, 98137, 0.05, 187.20, -15.29, 79.60,  ,  ,  , 0
21:01:09, 8, 0, 98138, 0.05, 187.20, -15.30, 79.75,  ,  ,  , 0
21:01:10, 8, 0, 98140, 0.40, 8.70, -15.33, 79.90,  , 78.202608, 15.830270, 0
21:01:12, 8, 0, 98140, 0.15, 12.60, -15.37, 80.10,  ,  ,  , 0
21:01:13, 8, 0, 98140, 0.05, 7.10, -15.38, 80.20,  , 78.202607, 15.830273, 0
21:01:14, 10, 1, 98115, 0.05, 7.10, -15.39, 80.35,  ,  ,  , 0.2
21:01:15, 12, 3, 98091, 1.40, 278.50, -15.41, 80.40,  ,  ,  , 0.3
21:01:16, 14, 5, 98068, 3.30, 274.80, -15.30, 80.45,  , 78.202608, 15.830148, 0.5
21:01:17, 17, 8, 98029, 2.15, 12.70, -15.11, 80.50,  ,  ,  , 0.7
21:01:18, 20, 11, 97990, 5.35, 270.70, -14.94, 80.60,  ,  ,  , 0.9
21:01:19, 23, 14, 97952, 3.05, 343.30, -14.71, 80.70,  , 78.202640, 15.829842, 1.1
21:01:20, 25, 16, 97920, 1.70, 323.20, -14.43, 80.80,  ,  ,  , 1.3
21:01:21, 28, 19, 97889, 5.25, 318.80, -14.27, 80.90,  ,  ,  , 1.5
21:01:22, 30, 21, 97858, 3.50, 12.50, -14.02, 81.10, -4.0, 78.202712, 15.829615, 1.7
21:01:23, 33, 24, 97820, 6.85, 298.70, -13.79, 81.25,  ,  ,  , 1.9
21:01:24, 36, 27, 97783, 4.00, 8.00, -13.53, 81.40,  ,  ,  , 2.3
21:01:25, 39, 30, 97746, 7.30, 307.30, -13.31, 81.60,  , 78.202805, 15.829235, 2.6
21:01:26, 41, 32, 97720, 5.40, 321.00, -13.07, 81.70,  ,  ,  , 2.6
21:01:27, 43, 34, 97695, 5.70, 328.20, -12.84, 81.85,  ,  ,  , 2.6
21:01:28, 45, 36, 97670, 7.50, 298.40, -12.59, 82.00,  , 78.202922, 15.828647, 2.6
21:01:29, 47, 38, 97643, 6.10, 351.00, -12.35, 82.20,  ,  ,  , 2.5
21:01:30, 49, 40, 97616, 6.60, 300.50, -12.07, 82.30,  ,  ,  , 2.4
21:01:31, 51, 42, 97590, 5.25, 332.10, -11.76, 82.35,  , 78.203037, 15.828117, 2.4
21:01:32, 53, 44, 97563, 5.55, 304.90, -11.48, 82.45,  ,  ,  , 2.3
21:01:33, 55, 46, 97536, 7.10, 322.60, -11.16, 82.50,  ,  ,  , 2.3
21:01:34, 57, 48, 97510, 3.45, 324.00, -10.91, 82.55,  , 78.203142, 15.827610, 2.3
21:01:35, 60, 51, 97479, 8.05, 302.80, -10.62, 82.60,  ,  ,  , 2.2
21:01:36, 62, 53, 97449, 2.15, 343.30, -10.39, 82.60,  ,  ,  , 2.2
21:01:37, 64, 55, 97420, 8.10, 314.10, -10.14, 82.60,  , 78.203233, 15.827100, 2.1
21:01:38, 67, 58, 97388, 1.25, 333.30, -9.96, 82.55,  ,  ,  , 2.2
21:01:39, 69, 60, 97356, 6.60, 323.10, -9.78, 82.40,  ,  ,  , 2.2
21:01:40, 72, 63, 97324, 3.95, 309.50, -9.62, 82.30,  , 78.203325, 15.826680, 2.3
21:01:41, 75, 66, 97292, 3.95, 309.50, -9.46, 82.10,  ,  ,  , 2.3
21:01:42, 77, 68, 97261, 6.70, 288.40, -9.30, 81.85,  ,  ,  , 2.3
21:01:43, 80, 71, 97230, 4.70, 21.80, -9.18, 81.60,  , 78.203392, 15.826292, 2.4
21:01:44, 82, 73, 97199, 4.80, 284.30, -9.05, 81.35,  ,  ,  , 2.4
21:01:45, 84, 75, 97168, 4.45, 346.30, -8.96, 81.00,  ,  ,  , 2.4
21:01:46, 87, 78, 97138, 4.90, 310.60, -8.88, 80.65,  , 78.203478, 15.825985, 2.5
21:01:47, 89, 80, 97108, 2.40, 342.10, -8.79, 80.25,  ,  ,  , 2.5
21:01:48, 92, 83, 97079, 7.00, 307.30, -8.76, 79.90,  ,  ,  , 2.5
21:01:49, 94, 85, 97050, 2.35, 55.40, -8.76, 79.55, -4.2, 78.203553, 15.825653, 2.5
21:01:50, 96, 87, 97018, 5.40, 292.20, -8.76, 79.15,  ,  ,  , 2.5
21:01:51, 99, 90, 96986, 3.95, 346.40, -8.75, 78.80,  ,  ,  , 2.5
21:01:52, 102, 93, 96954, 2.45, 321.50, -8.75, 78.40,  , 78.203620, 15.825397, 2.5
21:01:53, 104, 95, 96920, 5.20, 297.30, -8.69, 78.05,  ,  ,  , 2.5
21:01:54, 107, 98, 96887, 3.15, 25.20, -8.65, 77.65,  ,  ,  , 2.5
21:01:55, 110, 101, 96854, 5.75, 305.70, -8.62, 77.25,  , 78.203688, 15.825110, 2.5
21:01:56, 112, 103, 96823, 2.70, 337.60, -8.61, 76.90,  ,  ,  , 2.5
21:01:57, 115, 106, 96793, 4.40, 300.50, -8.60, 76.55,  ,  ,  , 2.5
21:01:58, 117, 108, 96764, 4.40, 319.30, -8.59, 76.20,  , 78.203755, 15.824747, 2.5
21:02:00, 123, 114, 96690, 5.80, 340.70, -8.53, 75.60,  ,  ,  , 2.6
21:02:01, 126, 117, 96654, 1.40, 267.00, -8.51, 75.25,  , 78.203807, 15.824502, 2.6
21:02:02, 128, 119, 96625, 3.15, 333.20, -8.49, 75.00,  ,  ,  , 2.6
21:02:03, 130, 121, 96596, 2.75, 329.50, -8.45, 74.70,  ,  ,  , 2.6
21:02:04, 133, 124, 96568, 1.95, 278.80, -8.43, 74.40,  , 78.203843, 15.824330, 2.6
21:02:05, 135, 126, 96536, 5.60, 337.50, -8.40, 74.10,  ,  ,  , 2.6
21:02:06, 138, 129, 96505, 2.60, 235.10, -8.36, 73.85,  ,  ,  , 2.6
21:02:07, 140, 131, 96474, 5.25, 331.70, -8.35, 73.55,  , 78.203893, 15.824073, 2.5
21:02:08, 143, 134, 96444, 2.50, 277.00, -8.33, 73.35,  ,  ,  , 2.5
21:02:09, 145, 136, 96415, 4.20, 333.60, -8.33, 73.10,  ,  ,  , 2.5
21:02:10, 147, 138, 96386, 2.75, 277.40, -8.33, 72.85,  , 78.203943, 15.823778, 2.5
21:02:12, 152, 143, 96328, 5.15, 284.70, -8.33, 72.40,  ,  ,  , 2.4
21:02:13, 154, 145, 96300, 3.90, 24.60, -8.34, 72.15,  , 78.203985, 15.823563, 2.4
21:02:14, 157, 148, 96272, 3.80, 255.50, -8.36, 71.95,  ,  ,  , 2.4
21:02:15, 159, 150, 96244, 4.10, 336.00, -8.38, 71.75,  ,  ,  , 2.4
21:02:16, 161, 152, 96216, 0.05, 336.00, -8.40, 71.55, -4.2, 78.204020, 15.823357, 2.4
21:02:17, 164, 155, 96184, 2.65, 300.10, -8.42, 71.30,  ,  ,  , 2.4
21:02:18, 166, 157, 96152, 3.50, 344.70, -8.43, 71.10,  ,  ,  , 2.4
21:02:19, 169, 160, 96120, 2.90, 241.70, -8.43, 70.95,  , 78.204050, 15.823158, 2.4
21:02:20, 171, 162, 96090, 4.60, 345.60, -8.42, 70.80,  ,  ,  , 2.4
21:02:21, 174, 165, 96061, 3.15, 270.50, -8.41, 70.65,  ,  ,  , 2.4
21:02:22, 176, 167, 96032, 2.30, 356.80, -8.41, 70.55,  , 78.204098, 15.822918, 2.4
21:02:23, 178, 169, 96007, 1.95, 305.30, -8.41, 70.35,  ,  ,  , 2.4
21:02:24, 180, 171, 95982, 5.00, 325.50, -8.41, 70.30,  ,  ,  , 2.3
21:02:25, 182, 173, 95958, 1.10, 154.50, -8.41, 70.15,  , 78.204153, 15.822733, 2.3
21:02:27, 187, 178, 95900, 2.20, 257.60, -8.42, 69.95,  ,  ,  , 2.3
21:02:28, 189, 180, 95872, 3.70, 300.90, -8.42, 69.85,  , 78.204192, 15.822453, 2.3
21:02:30, 193, 184, 95820, 2.95, 274.40, -8.45, 69.70,  ,  ,  , 2.2
21:02:31, 195, 186, 95794, 5.05, 345.50, -8.46, 69.60,  , 78.204247, 15.822165, 2.2
21:02:33, 200, 191, 95738, 4.80, 331.80, -8.49, 69.45,  ,  ,  , 2.2
21:02:34, 202, 193, 95710, 1.60, 253.40, -8.50, 69.40,  , 78.204288, 15.821867, 2.2
21:02:36, 206, 197, 95660, 3.00, 265.90, -8.52, 69.30,  ,  ,  , 2.2
21:02:37, 208, 199, 95636, 4.30, 348.00, -8.51, 69.25,  , 78.204332, 15.821602, 2.2
21:02:42, 218, 209, 95510, 2.30, 234.30, -8.40, 69.15,  ,  ,  , 2.1
21:02:43, 220, 211, 95486, 4.65, 326.70, -8.36, 69.15, -4.2, 78.204405, 15.820995, 2.1
21:02:45, 224, 215, 95436, 4.45, 351.80, -8.30, 69.20,  ,  ,  , 2.0
21:02:46, 226, 217, 95412, 3.85, 255.50, -8.27, 69.20,  , 78.204437, 15.820758, 2.0
21:02:47, 228, 219, 95388, 2.65, 14.90, -8.25, 69.25,  ,  ,  , 2.0
21:02:48, 230, 221, 95364, 2.65, 14.90, -8.22, 69.30,  ,  ,  , 2.0
21:02:49, 232, 223, 95340, 0.10, 278.80, -8.21, 69.35,  , 78.204465, 15.820522, 2.0
21:02:50, 234, 225, 95315, 5.55, 304.50, -8.20, 69.35,  ,  ,  , 2.0
21:02:51, 236, 227, 95291, 1.40, 195.40, -8.20, 69.40,  ,  ,  , 2.0
21:02:52, 238, 229, 95268, 5.00, 329.10, -8.20, 69.40,  , 78.204500, 15.820243, 2.0
21:02:53, 240, 231, 95242, 5.00, 329.10, -8.20, 69.40,  ,  ,  , 2.0
21:02:54, 243, 234, 95216, 5.00, 329.10, -8.20, 69.40,  ,  ,  , 2.0
21:02:55, 245, 236, 95190, 4.95, 270.40, -8.20, 69.40,  , 78.204528, 15.819950, 2.0
21:02:56, 247, 238, 95162, 4.95, 270.40, -8.22, 69.45,  ,  ,  , 2.0
21:02:57, 249, 240, 95134, 5.65, 290.50, -8.22, 69.45,  ,  ,  , 2.1
21:02:58, 252, 243, 95106, 1.20, 124.40, -8.23, 69.40,  , 78.204557, 15.819688, 2.1
21:02:59, 254, 245, 95080, 5.80, 318.20, -8.25, 69.45,  ,  ,  , 2.1
21:03:00, 256, 247, 95054, 2.25, 212.50, -8.25, 69.45,  ,  ,  , 2.1
21:03:01, 258, 249, 95028, 4.45, 338.10, -8.26, 69.45,  , 78.204593, 15.819462, 2.1
21:03:02, 260, 251, 95003, 3.85, 246.80, -8.27, 69.40,  ,  ,  , 2.1
21:03:03, 262, 253, 94978, 3.30, 14.00, -8.27, 69.40,  ,  ,  , 2.1
21:03:04, 264, 255, 94954, 4.95, 273.00, -8.26, 69.45,  , 78.204623, 15.819200, 2.1
21:03:05, 266, 257, 94930, 1.75, 69.70, -8.25, 69.45,  ,  ,  , 2.1
21:03:06, 268, 259, 94907, 5.45, 306.70, -8.23, 69.50,  ,  ,  , 2.1
21:03:07, 270, 261, 94884, 1.75, 177.70, -8.22, 69.50,  , 78.204650, 15.818977, 2.1
21:03:08, 272, 263, 94857, 5.20, 334.00, -8.21, 69.55,  ,  ,  , 2.1
21:03:09, 274, 265, 94832, 3.50, 234.00, -8.20, 69.55,  ,  ,  , 2.0
21:03:10, 276, 267, 94808, 3.55, 9.90, -8.19, 69.60, -4.2, 78.204682, 15.818757, 2.0
21:03:12, 281, 272, 94749, 1.10, 53.90, -8.19, 69.60,  ,  ,  , 2.1
21:03:13, 283, 274, 94720, 5.65, 299.10, -8.19, 69.65,  , 78.204713, 15.818467, 2.1
21:03:14, 285, 276, 94693, 1.45, 189.00, -8.19, 69.65,  ,  ,  , 2.1
21:03:15, 288, 279, 94666, 4.95, 333.90, -8.19, 69.65,  ,  ,  , 2.1
21:03:16, 290, 281, 94640, 3.90, 233.70, -8.19, 69.65,  , 78.204740, 15.818203, 2.1
21:03:17, 292, 283, 94613, 3.90, 233.70, -8.19, 69.65,  ,  ,  , 2.2
21:03:18, 294, 285, 94587, 4.60, 271.80, -8.20, 69.70,  ,  ,  , 2.2
21:03:19, 296, 287, 94562, 1.90, 52.30, -8.20, 69.65,  , 78.204767, 15.818003, 2.2
21:03:20, 299, 290, 94532, 5.70, 293.40, -8.22, 69.65,  ,  ,  , 2.2
21:03:21, 301, 292, 94503, 1.15, 116.60, -8.22, 69.65,  ,  ,  , 2.3
21:03:22, 303, 294, 94474, 4.70, 318.50, -8.23, 69.65,  , 78.204803, 15.817782, 2.3
21:03:23, 306, 297, 94448, 1.65, 205.60, -8.25, 69.65,  ,  ,  , 2.3
21:03:24, 308, 299, 94421, 3.90, 348.60, -8.25, 69.60,  ,  ,  , 2.3
21:03:25, 310, 301, 94394, 1.90, 260.70, -8.27, 69.60,  , 78.204838, 15.817613, 2.3
21:03:30, 321, 312, 94255, 4.65, 318.60, -8.32, 69.50,  ,  ,  , 2.3
21:03:31, 324, 315, 94228, 1.40, 146.40, -8.34, 69.50,  , 78.204892, 15.817265, 2.3
21:03:32, 326, 317, 94198, 3.10, 294.90, -8.36, 69.45,  ,  ,  , 2.3
21:03:33, 329, 320, 94169, 2.40, 353.70, -8.37, 69.45,  ,  ,  , 2.3
21:03:34, 331, 322, 94140, 1.70, 303.20, -8.40, 69.45,  , 78.204917, 15.817123, 2.3
21:03:35, 334, 325, 94109, 1.55, 272.80, -8.41, 69.45,  ,  ,  , 2.3
21:03:36, 336, 327, 94078, 3.35, 2.30, -8.42, 69.45,  ,  ,  , 2.4
21:03:37, 339, 330, 94048, 2.40, 242.30, -8.44, 69.45, -4.2, 78.204942, 15.816970, 2.4
21:03:42, 351, 342, 93897, 3.30, 313.30, -8.51, 69.50,  ,  ,  , 2.5
21:03:43, 354, 345, 93868, 1.95, 140.00, -8.53, 69.50,  , 78.205010, 15.816617, 2.5
21:03:44, 356, 347, 93838, 5.45, 316.30, -8.56, 69.50,  ,  ,  , 2.5
21:03:45, 358, 349, 93809, 1.95, 105.10, -8.57, 69.50,  ,  ,  , 2.5
21:03:46, 361, 352, 93780, 3.85, 299.40, -8.57, 69.55,  , 78.205037, 15.816473, 2.5
21:03:47, 363, 354, 93748, 1.45, 51.50, -8.57, 69.60,  ,  ,  , 2.5
21:03:48, 366, 357, 93717, 2.30, 284.10, -8.56, 69.60,  ,  ,  , 2.5
21:03:49, 369, 360, 93686, 2.85, 13.10, -8.53, 69.65,  , 78.205070, 15.816352, 2.5
21:03:53, 378, 369, 93578, 1.95, 129.70, -8.48, 69.80,  ,  ,  , 2.4
21:03:54, 380, 371, 93551, 1.95, 129.70, -8.46, 69.90,  ,  ,  , 2.4
21:03:55, 382, 373, 93524, 2.75, 214.90, -8.45, 69.95,  , 78.205120, 15.816078, 2.4
21:03:56, 384, 375, 93496, 3.55, 357.70, -8.44, 70.05,  ,  ,  , 2.4
21:03:57, 387, 378, 93469, 3.95, 279.40, -8.44, 70.15,  ,  ,  , 2.4
21:03:58, 389, 380, 93442, 2.25, 72.70, -8.42, 70.25,  , 78.205147, 15.815907, 2.4
21:03:59, 391, 382, 93414, 4.85, 303.40, -8.42, 70.30,  ,  ,  , 2.3
21:04:00, 394, 385, 93387, 2.35, 157.30, -8.43, 70.40,  ,  ,  , 2.3
21:04:01, 396, 387, 93360, 4.10, 345.10, -8.43, 70.50,  , 78.205168, 15.815792, 2.3
21:04:05, 405, 396, 93254, 1.65, 128.90, -8.45, 70.80,  ,  ,  , 2.2
21:04:06, 407, 398, 93228, 4.25, 325.00, -8.46, 70.85,  ,  ,  , 2.2
21:04:07, 409, 400, 93202, 2.35, 211.40, -8.46, 70.95,  , 78.205195, 15.815422, 2.2
21:04:08, 411, 402, 93175, 3.25, 14.30, -8.47, 71.05,  ,  ,  , 2.2
21:04:09, 413, 404, 93147, 3.10, 290.10, -8.47, 71.10,  ,  ,  , 2.2
21:04:10, 416, 407, 93120, 1.70, 68.60, -8.47, 71.15,  , 78.205225, 15.815380, 2.2
21:04:12, 420, 411, 93066, 4.55, 309.20, -8.48, 71.25,  ,  ,  , 2.2
21:04:13, 423, 414, 93040, 3.95, 335.30, -8.47, 71.30,  , 78.205247, 15.815220, 2.2
21:04:17, 432, 423, 92932, 3.00, 69.30, -8.48, 71.50,  ,  ,  , 2.2
21:04:18, 434, 425, 92905, 4.65, 303.50, -8.49, 71.55,  ,  ,  , 2.3
21:04:19, 436, 427, 92878, 2.90, 113.20, -8.49, 71.60,  , 78.205293, 15.815050, 2.3
21:04:20, 438, 429, 92850,  ,  , -8.50, 71.65,  ,  ,  , 2.3
21:04:21, 441, 432, 92823,  ,  , -8.50, 71.65,  ,  ,  , 2.3
21:04:22, 443, 434, 92796,  ,  , -8.50, 71.65,  ,  ,  , 2.3
21:04:23, 445, 436, 92769, 1.10, 356.60, -8.50, 71.65,  ,  ,  , 2.3
21:04:24, 447, 438, 92742, 1.45, 270.90, -8.50, 71.65,  ,  ,  , 2.3
21:04:25, 450, 441, 92716, 3.15, 15.70, -8.51, 71.70,  , 78.205348, 15.814985, 2.3
21:04:26, 452, 443, 92685, 2.80, 230.40, -8.52, 71.75,  ,  ,  , 2.3
21:04:27, 455, 446, 92655, 3.65, 5.20, -8.53, 71.75,  ,  ,  , 2.3
21:04:28, 457, 448, 92626, 1.60, 178.90, -8.56, 71.80,  , 78.205375, 15.814917, 2.3
21:04:30, 462, 453, 92570, 2.90, 189.00, -8.57, 71.85,  ,  ,  , 2.3
21:04:31, 464, 455, 92542, 4.25, 353.60, -8.57, 71.90, -4.5, 78.205400, 15.814808, 2.4
21:04:35, 473, 464, 92436, 2.30, 75.90, -8.58, 72.00,  ,  ,  , 2.3
21:04:36, 475, 466, 92410, 3.45, 291.30, -8.58, 72.00,  ,  ,  , 2.3
21:04:37, 478, 469, 92384, 1.10, 149.20, -8.58, 72.05,  , 78.205423, 15.814617, 2.3
21:04:38, 480, 471, 92356, 1.55, 346.30, -8.59, 72.10,  ,  ,  , 2.3
21:04:39, 482, 473, 92329, 1.65, 265.70, -8.57, 72.10,  ,  ,  , 2.3
21:04:40, 485, 476, 92302, 1.65, 87.10, -8.52, 72.15,  , 78.205433, 15.814577, 2.3
21:04:41, 487, 478, 92273, 3.80, 276.90, -8.51, 72.15,  ,  ,  , 2.3
21:04:42, 489, 480, 92244, 2.00, 47.30, -8.48, 72.15,  ,  ,  , 2.3
21:04:43, 492, 483, 92216, 3.45, 237.00, -8.45, 72.15,  , 78.205443, 15.814428, 2.3
21:04:44, 494, 485, 92190, 3.35, 10.30, -8.43, 72.15,  ,  ,  , 2.3
21:04:45, 496, 487, 92165, 3.55, 193.00, -8.40, 72.15,  ,  ,  , 2.3
21:04:46, 498, 489, 92140, 3.85, 329.60, -8.37, 72.15,  , 78.205455, 15.814320, 2.3
21:04:47, 501, 492, 92109, 2.60, 122.80, -8.35, 72.15,  ,  ,  , 2.3
21:04:48, 503, 494, 92079, 2.70, 288.30, -8.34, 72.10,  ,  ,  , 2.3
21:04:49, 506, 497, 92050, 1.45, 146.10, -8.32, 72.05,  , 78.205468, 15.814272, 2.3
21:04:53, 516, 507, 91934, 3.15, 134.00, -8.31, 71.85,  ,  ,  , 2.4
21:04:54, 518, 509, 91905, 4.05, 294.70, -8.32, 71.80,  ,  ,  , 2.4
21:04:55, 521, 512, 91876, 2.60, 112.00, -8.32, 71.75,  , 78.205483, 15.814158, 2.4
21:04:57, 525, 516, 91821, 1.70, 93.70, -8.35, 71.65,  ,  ,  , 2.4
21:04:58, 528, 519, 91794, 1.70, 259.20, -8.35, 71.60, -4.5, 78.205487, 15.814130, 2.4
21:05:00, 533, 524, 91733, 3.25, 223.00, -8.37, 71.50,  ,  ,  , 2.5
21:05:01, 535, 526, 91704, 3.75, 33.90, -8.38, 71.40,  , 78.205495, 15.814082, 2.5
21:05:03, 540, 531, 91651, 2.80, 65.30, -8.41, 71.30,  ,  ,  , 2.4
21:05:04, 542, 533, 91626, 1.45, 298.80, -8.42, 71.25,  , 78.205517, 15.814098, 2.4
21:05:09, 555, 546, 91466, 4.65, 344.70, -8.45, 71.00,  ,  ,  , 2.5
21:05:10, 558, 549, 91434, 2.05, 148.80, -8.46, 70.95,  , 78.205565, 15.813970, 2.5
21:05:14, 568, 559, 91319,  ,  , -8.50, 70.85,  ,  ,  , 2.5
21:05:15, 570, 561, 91290,  ,  , -8.51, 70.85,  ,  ,  , 2.5
21:05:16, 573, 564, 91262,  ,  , -8.52, 70.85,  ,  ,  , 2.6
21:05:17, 575, 566, 91233, 2.90, 316.80, -8.56, 70.85,  ,  ,  , 2.6
21:05:18, 578, 569, 91204, 1.10, 25.30, -8.58, 70.80,  ,  ,  , 2.6
21:05:19, 580, 571, 91176, 1.80, 329.00, -8.60, 70.80,  , 78.205665, 15.813775, 2.6
21:05:26, 597, 588, 90974, 2.45, 278.50, -8.67, 70.90,  ,  ,  , 2.4
21:05:27, 600, 591, 90946, 5.25, 36.20, -8.65, 70.90,  ,  ,  , 2.4
21:05:28, 602, 593, 90918, 1.60, 235.40, -8.62, 70.90,  , 78.205807, 15.813723, 2.4
21:05:32, 611, 602, 90811, 1.25, 68.80, -8.56, 70.95,  ,  ,  , 2.4
21:05:33, 614, 605, 90784, 3.75, 301.00, -8.53, 70.90,  ,  ,  , 2.4
21:05:34, 616, 607, 90758, 4.00, 94.00, -8.53, 70.90,  , 78.205882, 15.813693, 2.4
21:05:35, 618, 609, 90730, 3.45, 320.70, -8.53, 70.85,  ,  ,  , 2.4
21:05:36, 621, 612, 90702, 1.95, 63.00, -8.52, 70.85,  ,  ,  , 2.4
21:05:37, 623, 614, 90674, 1.35, 323.00, -8.52, 70.80,  , 78.205918, 15.813718, 2.4
21:05:44, 640, 631, 90482, 1.05, 176.20, -8.61, 70.45,  ,  ,  , 2.3
21:05:45, 642, 633, 90455, 4.15, 0.50, -8.64, 70.40,  ,  ,  , 2.4
21:05:46, 644, 635, 90428, 2.75, 136.80, -8.65, 70.35,  , 78.206023, 15.813643, 2.4
21:05:47, 647, 638, 90400, 4.40, 350.90, -8.69, 70.25,  ,  ,  , 2.4
21:05:48, 649, 640, 90372, 1.35, 136.20, -8.73, 70.25,  ,  ,  , 2.4
21:05:49, 651, 642, 90344, 3.70, 344.80, -8.75, 70.20,  , 78.206078, 15.813622, 2.4
21:05:50, 654, 645, 90317, 0.05, 344.80, -8.76, 70.20,  ,  ,  , 2.4
21:05:51, 656, 647, 90290, 0.05, 344.80, -8.76, 70.10,  ,  ,  , 2.4
21:05:52, 658, 649, 90264, 0.10, 344.80, -8.76, 70.10, -4.8, 78.206092, 15.813613, 2.4
21:05:53, 661, 652, 90235, 2.65, 45.20, -8.76, 70.05,  ,  ,  , 2.4
21:05:54, 663, 654, 90206, 2.65, 45.20, -8.76, 70.05,  ,  ,  , 2.4
21:05:55, 666, 657, 90178, 2.55, 46.60, -8.77, 70.00,  , 78.206148, 15.813565, 2.4
21:05:56, 668, 659, 90154, 2.60, 46.60, -8.77, 69.95,  ,  ,  , 2.4
21:05:57, 670, 661, 90131, 0.10, 308.60, -8.80, 69.95,  ,  ,  , 2.3
21:05:58, 672, 663, 90108, 0.10, 308.60, -8.84, 69.95,  , 78.206158, 15.813498, 2.3
21:06:00, 677, 668, 90051, 0.10, 308.60, -8.88, 69.95,  ,  ,  , 2.3
21:06:01, 679, 670, 90024, 3.35, 51.30, -8.90, 69.95,  , 78.206187, 15.813532, 2.3
21:06:02, 682, 673, 89995, 2.75, 246.20, -8.91, 69.90,  ,  ,  , 2.3
21:06:03, 684, 675, 89965, 3.40, 64.20, -8.92, 69.90,  ,  ,  , 2.3
21:06:04, 687, 678, 89936, 2.30, 253.20, -8.93, 69.90,  , 78.206190, 15.813567, 2.4
21:06:05, 689, 680, 89910, 1.70, 59.30, -8.94, 69.90,  ,  ,  , 2.3
21:06:06, 691, 682, 89886, 0.05, 59.30, -8.94, 69.90,  ,  ,  , 2.3
21:06:07, 693, 684, 89862, 0.15, 59.30, -8.95, 69.85,  , 78.206202, 15.813580, 2.3
21:06:12, 704, 695, 89731, 3.70, 277.80, -8.97, 69.45,  ,  ,  , 2.3
21:06:13, 707, 698, 89706, 3.10, 111.90, -8.97, 69.40,  , 78.206198, 15.813550, 2.3
21:06:17, 715, 706, 89606, 2.65, 239.50, -9.02, 69.05,  ,  ,  , 2.2
21:06:18, 718, 709, 89581, 3.50, 93.70, -9.03, 69.00,  ,  ,  , 2.2
21:06:19, 720, 711, 89556, 2.85, 305.70, -9.03, 68.90, -5.0, 78.206202, 15.813578, 2.2
21:06:20, 722, 713, 89531, 3.00, 143.40, -9.03, 68.85,  ,  ,  , 2.2
21:06:21, 724, 715, 89506, 2.90, 357.60, -9.04, 68.80,  ,  ,  , 2.2
21:06:22, 726, 717, 89482, 2.80, 205.00, -9.04, 68.70,  , 78.206202, 15.813567, 2.2
21:06:29, 741, 732, 89306, 3.90, 101.90, -9.03, 68.15,  ,  ,  , 2.2
21:06:30, 744, 735, 89281, 3.40, 324.00, -9.02, 68.00,  ,  ,  , 2.2
21:06:31, 746, 737, 89256, 2.70, 117.30, -9.02, 67.90,  , 78.206228, 15.813688, 2.2
21:06:32, 748, 739, 89231, 1.20, 333.10, -9.01, 67.75,  ,  ,  , 2.2
21:06:33, 750, 741, 89206, 2.50, 13.20, -9.00, 67.60,  ,  ,  , 2.2
21:06:34, 752, 743, 89182, 1.50, 151.40, -9.00, 67.50,  , 78.206247, 15.813753, 2.2
21:06:35, 754, 745, 89157, 2.85, 9.20, -9.00, 67.30,  ,  ,  , 2.2
21:06:36, 756, 747, 89133, 2.70, 185.00, -9.00, 67.15,  ,  ,  , 2.2
21:06:37, 759, 750, 89110, 3.50, 38.10, -9.00, 67.00,  , 78.206255, 15.813818, 2.2
21:06:38, 761, 752, 89083, 2.90, 238.10, -9.01, 66.85,  ,  ,  , 2.2
21:06:39, 763, 754, 89057, 3.70, 71.90, -9.01, 66.70,  ,  ,  , 2.2
21:06:40, 765, 756, 89032, 3.30, 293.40, -9.00, 66.55,  , 78.206268, 15.813850, 2.2
21:06:41, 767, 758, 89008, 3.20, 108.30, -9.01, 66.35,  ,  ,  , 2.2
21:06:42, 769, 760, 88985, 4.10, 339.30, -9.01, 66.20,  ,  ,  , 2.1
21:06:43, 772, 763, 88962, 2.95, 151.40, -9.01, 66.05,  , 78.206288, 15.813900, 2.1
21:06:44, 774, 765, 88933, 3.45, 18.20, -9.01, 65.85,  ,  ,  , 2.2
21:06:45, 776, 767, 88905, 1.25, 270.10, -9.02, 65.70,  ,  ,  , 2.2
21:06:46, 779, 770, 88878, 1.20, 41.50, -9.02, 65.60, -5.0, 78.206307, 15.813935, 2.2
21:06:47, 781, 772, 88854, 0.65, 41.50, -9.03, 65.45,  ,  ,  , 2.2
21:06:48, 783, 774, 88831, 0.95, 41.50, -9.04, 65.30,  ,  ,  , 2.2
21:06:49, 785, 776, 88808, 3.15, 23.60, -9.05, 65.20,  , 78.206328, 15.814012, 2.2
21:06:53, 794, 785, 88705, 1.00, 215.40, -9.08, 64.65,  ,  ,  , 2.2
21:06:54, 796, 787, 88679, 0.85, 215.40, -9.09, 64.50,  ,  ,  , 2.2
21:06:55, 799, 790, 88654, 2.45, 214.00, -9.10, 64.35,  , 78.206342, 15.814048, 2.2
21:07:00, 809, 800, 88524, 1.30, 354.40, -9.14, 63.40,  ,  ,  , 2.2
21:07:01, 812, 803, 88498, 3.20, 110.90, -9.15, 63.15,  , 78.206368, 15.814282, 2.2
21:07:08, 828, 819, 88312, 2.00, 94.60, -9.14, 61.60,  ,  ,  , 2.2
21:07:09, 830, 821, 88286, 1.40, 106.20, -9.11, 61.35,  ,  ,  , 2.3
21:07:10, 832, 823, 88260, 1.90, 202.50, -9.09, 61.00,  , 78.206370, 15.814717, 2.3
21:07:12, 836, 827, 88216, 3.00, 173.00, -9.04, 60.05,  ,  ,  , 2.2
21:07:13, 838, 829, 88194, 3.70, 36.90, -9.02, 59.50, -5.2, 78.206363, 15.814905, 2.2
21:07:17, 848, 839, 88085, 4.20, 139.00, -8.97, 57.10,  ,  ,  , 2.3
21:07:18, 850, 841, 88057, 3.10, 13.00, -8.97, 56.55,  ,  ,  , 2.3
21:07:19, 853, 844, 88030, 2.70, 153.30, -8.97, 55.95,  , 78.206370, 15.815243, 2.3
21:07:20, 855, 846, 88003, 2.70, 153.30, -8.97, 55.35,  ,  ,  , 2.3
21:07:21, 857, 848, 87976, 0.10, 65.20, -8.99, 54.80,  ,  ,  , 2.3
21:07:22, 860, 851, 87950, 2.65, 97.50, -8.99, 54.25,  , 78.206367, 15.815432, 2.3
21:07:23, 862, 853, 87924, 1.30, 307.50, -9.01, 53.70,  ,  ,  , 2.3
21:07:24, 864, 855, 87899, 4.60, 112.90, -9.02, 53.20,  ,  ,  , 2.3
21:07:25, 867, 858, 87874, 2.45, 275.80, -9.03, 52.70,  , 78.206360, 15.815573, 2.3
21:07:30, 877, 868, 87757, 2.45, 352.30, -9.10, 50.45,  ,  ,  , 2.2
21:07:31, 879, 870, 87734, 4.15, 119.90, -9.12, 50.05,  , 78.206348, 15.815842, 2.2
21:07:33, 883, 874, 87689, 3.15, 80.40, -9.16, 49.30,  ,  ,  , 2.1
21:07:34, 885, 876, 87668, 2.00, 213.10, -9.18, 48.95,  , 78.206338, 15.815958, 2.1
21:07:39, 896, 887, 87542, 1.00, 359.40, -9.26, 47.50,  ,  ,  , 2.1
21:07:40, 898, 889, 87518, 4.25, 151.30, -9.26, 47.20, -5.2, 78.206307, 15.816218, 2.1
21:07:45, 909, 900, 87396, 3.10, 351.80, -9.34, 45.75,  ,  ,  , 2.2
21:07:46, 911, 902, 87372, 3.45, 155.70, -9.35, 45.50,  , 78.206293, 15.816418, 2.2
21:07:47, 913, 904, 87346, 3.45, 36.60, -9.36, 45.25,  ,  ,  , 2.2
21:07:48, 916, 907, 87321, 3.00, 205.40, -9.37, 45.05,  ,  ,  , 2.2
21:07:49, 918, 909, 87296, 3.25, 67.40, -9.39, 44.80,  , 78.206283, 15.816530, 2.2
21:07:50, 920, 911, 87274, 1.65, 235.60, -9.40, 44.55,  ,  ,  , 2.2
21:07:51, 922, 913, 87252, 2.25, 91.00, -9.43, 44.35,  ,  ,  , 2.2
21:07:52, 924, 915, 87230, 1.10, 220.60, -9.44, 44.15,  , 78.206275, 15.816632, 2.1
21:07:53, 926, 917, 87205, 3.00, 80.50, -9.45, 44.00,  ,  ,  , 2.1
21:07:54, 928, 919, 87180, 2.75, 244.50, -9.47, 43.80,  ,  ,  , 2.1
21:07:55, 930, 921, 87156, 4.20, 94.80, -9.48, 43.60,  , 78.206263, 15.816737, 2.2
21:07:56, 932, 923, 87132, 2.50, 293.10, -9.50, 43.45,  ,  ,  , 2.2
21:07:57, 935, 926, 87108, 3.75, 124.50, -9.51, 43.30,  ,  ,  , 2.2
21:07:58, 937, 928, 87084, 1.15, 315.70, -9.52, 43.10,  , 78.206255, 15.816842, 2.1
21:07:59, 939, 930, 87059, 1.00, 315.70, -9.54, 43.00,  ,  ,  , 2.1
21:08:00, 941, 932, 87036, 1.00, 315.70, -9.55, 42.90,  ,  ,  , 2.1
21:08:01, 943, 934, 87014, 1.70, 201.80, -9.56, 42.70,  , 78.206245, 15.816928, 2.1
21:08:02, 945, 936, 86990, 2.90, 74.20, -9.59, 42.55,  ,  ,  , 2.1
21:08:03, 947, 938, 86966, 2.40, 212.00, -9.60, 42.45,  ,  ,  , 2.1
21:08:04, 949, 940, 86942, 1.35, 223.80, -9.62, 42.35,  , 78.206217, 15.816943, 2.1
21:08:05, 952, 943, 86914, 1.35, 223.80, -9.64, 42.25,  ,  ,  , 2.1
21:08:06, 954, 945, 86886, 3.70, 239.10, -9.66, 42.15,  ,  ,  , 2.2
21:08:07, 957, 948, 86858, 5.70, 86.50, -9.69, 42.00, -5.5, 78.206198, 15.817052, 2.2
21:08:08, 959, 950, 86835, 2.50, 235.40, -9.69, 41.90,  ,  ,  , 2.2
21:08:09, 961, 952, 86813, 1.60, 126.90, -9.70, 41.85,  ,  ,  , 2.2
21:08:10, 963, 954, 86792, 1.40, 164.20, -9.73, 41.75,  , 78.206178, 15.817142, 2.2
21:08:14, 972, 963, 86689, 3.95, 159.70, -9.79, 41.45,  ,  ,  , 2.2
21:08:15, 974, 965, 86663, 1.25, 44.10, -9.80, 41.35,  ,  ,  , 2.2
21:08:16, 976, 967, 86638, 1.15, 163.10, -9.82, 41.30,  , 78.206135, 15.817222, 2.3
21:08:17, 979, 970, 86610, 2.10, 193.70, -9.83, 41.20,  ,  ,  , 2.3
21:08:18, 981, 972, 86584, 3.30, 79.30, -9.85, 41.15,  ,  ,  , 2.2
21:08:19, 984, 975, 86558, 4.00, 214.50, -9.86, 41.10,  , 78.206103, 15.817305, 2.2
21:08:23, 992, 983, 86460, 2.75, 159.00, -9.93, 40.85,  ,  ,  , 2.3
21:08:24, 994, 985, 86436, 0.10, 159.00, -9.95, 40.75,  ,  ,  , 2.3
21:08:25, 997, 988, 86412, 4.00, 142.80, -9.96, 40.70,  , 78.206020, 15.817390, 2.3
21:08:26, 999, 990, 86388, 2.40, 255.60, -9.98, 40.65,  ,  ,  , 2.3
21:08:27, 1001, 992, 86364, 4.90, 152.40, -9.99, 40.60,  ,  ,  , 2.2
21:08:28, 1003, 994, 86340, 1.70, 307.80, -10.02, 40.55,  , 78.205952, 15.817385, 2.2
21:08:30, 1007, 998, 86293, 1.50, 42.10, -10.04, 40.45,  ,  ,  , 2.2
21:08:31, 1009, 1000, 86270, 3.25, 187.10, -10.05, 40.40,  , 78.205927, 15.817457, 2.2
21:08:32, 1012, 1003, 86245, 2.05, 159.30, -10.07, 40.30,  ,  ,  , 2.2
21:08:33, 1014, 1005, 86220, 1.95, 179.70, -10.08, 40.30,  ,  ,  , 2.2
21:08:34, 1016, 1007, 86196, 2.70, 194.50, -10.09, 40.25, -5.8, 78.205870, 15.817475, 2.2
21:08:41, 1031, 1022, 86032, 4.40, 126.30, -10.14, 40.10,  ,  ,  , 2.1
21:08:42, 1033, 1024, 86009, 2.85, 233.20, -10.14, 40.05,  ,  ,  , 2.1
21:08:43, 1035, 1026, 85986, 4.75, 154.10, -10.17, 40.05,  , 78.205677, 15.817638, 2.1
21:08:44, 1037, 1028, 85965, 4.75, 154.10, -10.18, 40.00,  ,  ,  , 2.1
21:08:45, 1039, 1030, 85945, 5.25, 176.50, -10.19, 39.95,  ,  ,  , 2.1
21:08:46, 1040, 1031, 85926, 1.45, 13.50, -10.21, 39.95,  , 78.205618, 15.817655, 2.0
21:08:50, 1049, 1040, 85827,  ,  , -10.25, 39.95,  ,  ,  , 2.1
21:08:51, 1051, 1042, 85802,  ,  , -10.27, 39.95,  ,  ,  , 2.1
21:08:52, 1054, 1045, 85778,  ,  , -10.27, 39.95,  ,  ,  , 2.1
21:08:53, 1056, 1047, 85755, 4.15, 157.70, -10.30, 39.95,  ,  ,  , 2.1
21:08:54, 1058, 1049, 85733, 5.40, 173.70, -10.32, 39.95,  ,  ,  , 2.1
21:08:55, 1060, 1051, 85712, 1.70, 333.20, -10.33, 39.95,  , 78.205455, 15.817728, 2.1
21:08:56, 1062, 1053, 85687, 5.35, 154.30, -10.33, 39.95,  ,  ,  , 2.1
21:08:57, 1064, 1055, 85662, 2.70, 274.40, -10.35, 40.00,  ,  ,  , 2.1
21:08:58, 1066, 1057, 85638, 4.60, 132.70, -10.36, 40.00,  , 78.205402, 15.817768, 2.1
21:08:59, 1068, 1059, 85614, 2.45, 233.30, -10.36, 40.05,  ,  ,  , 2.2
21:09:00, 1071, 1062, 85590, 3.80, 116.30, -10.38, 40.05,  ,  ,  , 2.2
21:09:01, 1073, 1064, 85566, 2.90, 215.70, -10.39, 40.10, -6.0, 78.205352, 15.817855, 2.2
21:09:02, 1075, 1066, 85542, 2.85, 126.10, -10.41, 40.10,  ,  ,  , 2.2
21:09:03, 1077, 1068, 85519, 2.55, 206.10, -10.42, 40.15,  ,  ,  , 2.1
21:09:04, 1079, 1070, 85496, 3.05, 152.90, -10.43, 40.15,  , 78.205297, 15.817902, 2.1
21:09:11, 1091, 1082, 85365, 2.80, 81.40, -10.53, 40.30,  ,  ,  , 1.8
21:09:12, 1093, 1084, 85347, 3.75, 211.20, -10.55, 40.30,  ,  ,  , 1.8
21:09:13, 1094, 1085, 85330, 4.10, 101.60, -10.57, 40.35,  , 78.205160, 15.818237, 1.7
21:09:23, 1114, 1105, 85111, 3.80, 100.10, -10.73, 40.70,  ,  ,  , 1.8
21:09:24, 1116, 1107, 85088, 2.30, 244.10, -10.74, 40.75,  ,  ,  , 2.0
21:09:25, 1118, 1109, 85066, 5.10, 121.60, -10.77, 40.80,  , 78.204983, 15.818747, 2.0
21:09:26, 1120, 1111, 85043, 5.10, 121.60, -10.78, 40.85,  ,  ,  , 2.0
21:09:27, 1122, 1113, 85020, 4.65, 155.60, -10.80, 40.85,  ,  ,  , 2.0
21:09:28, 1124, 1115, 84998, 1.05, 42.00, -10.81, 40.90, -6.0, 78.204948, 15.818802, 2.0
21:09:29, 1126, 1117, 84974, 3.50, 171.50, -10.84, 40.90,  ,  ,  , 2.0
21:09:30, 1129, 1120, 84950, 3.50, 171.50, -10.86,  ,  ,  ,  , 2.1
21:09:31, 1131, 1122, 84926, 1.65, 142.20, -10.88, 41.00,  , 78.204910, 15.818930, 2.1
21:09:32, 1133, 1124, 84905, 2.00, 182.10, -10.91, 41.10,  ,  ,  , 2.1
21:09:33, 1135, 1126, 84884, 3.95, 120.70, -10.93, 41.10,  ,  ,  , 2.0
21:09:34, 1136, 1127, 84864, 2.40, 242.30, -10.94, 41.15,  , 78.204863, 15.819040, 2.0
21:09:35, 1139, 1130, 84840, 4.40, 119.20, -10.96, 41.15,  ,  ,  , 2.0
21:09:36, 1141, 1132, 84817, 3.25, 208.50, -10.98, 41.20,  ,  ,  , 2.1
21:09:37, 1143, 1134, 84794, 2.55, 87.00, -10.99, 41.25,  , 78.204807, 15.819153, 2.1
21:09:39, 1147, 1138, 84747, 1.65, 112.00, -11.02, 41.30,  ,  ,  , 2.1
21:09:40, 1149, 1140, 84724, 4.00, 139.10, -11.04, 41.35,  , 78.204752, 15.819367, 2.1
21:09:44, 1158, 1149, 84630, 4.05, 157.40, -11.11, 41.60,  ,  ,  , 2.1
21:09:45, 1160, 1151, 84607, 0.05, 157.40, -11.12, 41.65,  ,  ,  , 2.1
21:09:46, 1162, 1153, 84584, 4.50, 155.90, -11.13, 41.70,  , 78.204662, 15.819622, 2.1
21:09:47, 1164, 1155, 84562, 1.10, 359.80, -11.15, 41.75,  ,  ,  , 2.1
21:09:48, 1166, 1157, 84540, 4.75, 137.10, -11.15, 41.80,  ,  ,  , 2.1
21:09:49, 1168, 1159, 84518, 1.30, 286.20, -11.17, 41.85,  , 78.204627, 15.819782, 2.1
21:09:53, 1176, 1167, 84432, 1.95, 191.30, -11.24, 42.20,  ,  ,  , 2.0
21:09:54, 1178, 1169, 84411, 1.55, 147.50, -11.25, 42.25,  ,  ,  , 2.0
21:09:55, 1180, 1171, 84390, 4.55, 107.70, -11.27, 42.30, -6.2, 78.204553, 15.820147, 2.0
21:09:59, 1188, 1179, 84299, 3.85, 137.90, -11.31, 42.55,  ,  ,  , 2.0
21:10:00, 1190, 1181, 84276, 1.45, 172.60, -11.33, 42.65,  ,  ,  , 2.0
21:10:01, 1192, 1183, 84254, 3.75, 161.20, -11.36, 42.70,  , 78.204463, 15.820347, 2.0
21:10:05, 1200, 1191, 84167, 3.65, 143.00, -11.41, 42.85,  ,  ,  , 2.0
21:10:06, 1202, 1193, 84145, 0.05, 143.00, -11.43, 42.90,  ,  ,  , 2.0
21:10:07, 1204, 1195, 84124, 3.65, 144.60, -11.44, 42.95,  , 78.204395, 15.820535, 2.0
21:10:09, 1208, 1199, 84078, 3.35, 154.00, -11.46, 43.00,  ,  ,  , 2.0
21:10:10, 1210, 1201, 84056, 2.30, 224.40, -11.47, 43.05,  , 78.204338, 15.820578, 2.0
21:10:11, 1212, 1203, 84033, 3.35, 124.70, -11.48, 43.10,  ,  ,  , 2.0
21:10:12, 1214, 1205, 84011, 2.85, 251.00, -11.50, 43.15,  ,  ,  , 2.0
21:10:13, 1216, 1207, 83990, 2.95, 138.20, -11.51, 43.15,  , 78.204300, 15.820597, 2.0
21:10:14, 1218, 1209, 83969, 2.95, 138.20, -11.52, 43.20,  ,  ,  , 2.0
21:10:15, 1220, 1211, 83948, 4.40, 170.30, -11.53, 43.20,  ,  ,  , 2.0
21:10:16, 1222, 1213, 83928, 1.95, 22.90, -11.54, 43.25,  , 78.204267, 15.820632, 2.0
21:10:17, 1224, 1215, 83906, 4.45, 195.00, -11.55, 43.25,  ,  ,  , 2.0
21:10:18, 1226, 1217, 83884, 3.25, 85.80, -11.55, 43.25,  ,  ,  , 2.0
21:10:19, 1228, 1219, 83862, 2.85, 234.20, -11.55, 43.30,  , 78.204228, 15.820727, 2.0
21:10:23, 1235, 1226, 83785, 2.20, 330.40, -11.55, 43.40,  ,  ,  , 1.9
21:10:24, 1237, 1228, 83766, 4.85, 173.90, -11.55, 43.40,  ,  ,  , 1.9
21:10:25, 1238, 1229, 83748, 2.85, 50.60, -11.55, 43.40,  , 78.204145, 15.820877, 1.8
21:10:26, 1240, 1231, 83727, 3.55, 214.50, -11.56, 43.40,  ,  ,  , 1.9
21:10:27, 1242, 1233, 83706, 3.85, 100.00, -11.56, 43.35,  ,  ,  , 1.9
21:10:28, 1244, 1235, 83686, 2.75, 271.10, -11.56, 43.35,  , 78.204117, 15.820957, 1.9
21:10:29, 1246, 1237, 83666, 4.70, 140.40, -11.56, 43.35,  ,  ,  , 1.9
21:10:30, 1248, 1239, 83645, 2.20, 358.90, -11.56, 43.30,  ,  ,  , 1.9
21:10:31, 1250, 1241, 83624, 3.90, 183.60, -11.56, 43.30,  , 78.204083, 15.821023, 1.8
21:10:32, 1252, 1243, 83606, 2.95, 74.40, -11.58, 43.25,  ,  ,  , 1.8
21:10:33, 1253, 1244, 83588, 3.00, 238.80, -11.59, 43.25,  ,  ,  , 1.8
21:10:34, 1255, 1246, 83570, 4.30, 117.90, -11.61, 43.20,  , 78.204048, 15.821118, 1.8
21:10:35, 1257, 1248, 83547, 2.05, 307.10, -11.62, 43.10,  ,  ,  , 1.8
21:10:36, 1259, 1250, 83524, 3.95, 162.60, -11.63, 43.10,  ,  ,  , 1.9
21:10:37, 1261, 1252, 83502, 2.45, 35.10, -11.65, 43.05,  , 78.204027, 15.821228, 1.9
21:10:39, 1264, 1255, 83466, 3.85, 83.90, -11.67, 43.05,  ,  ,  , 1.9
21:10:40, 1266, 1257, 83448, 2.50, 269.80, -11.68, 43.00,  , 78.203998, 15.821375, 1.8
21:10:41, 1268, 1259, 83427, 2.50, 269.80, -11.69, 42.95,  ,  ,  , 1.8
21:10:42, 1270, 1261, 83406, 2.70, 351.60, -11.70, 42.95,  ,  ,  , 1.8
21:10:43, 1272, 1263, 83386, 3.75, 176.90, -11.71, 42.90,  , 78.203990, 15.821450, 1.8
21:10:44, 1274, 1265, 83362,  ,  , -11.71, 42.90,  ,  ,  , 1.9
21:10:45, 1276, 1267, 83339,  ,  , -11.72, 42.85,  ,  ,  , 1.9
21:10:46, 1278, 1269, 83316,  ,  , -11.72, 42.85,  ,  ,  , 2.0
21:10:48, 1282, 1273, 83278, 3.45, 151.00, -11.73, 42.75,  ,  ,  , 1.9
21:10:49, 1283, 1274, 83260, 3.45, 18.50, -11.74, 42.70, -7.0, 78.203972, 15.821695, 1.9
21:10:50, 1285, 1276, 83238, 3.15, 202.90, -11.74, 42.65,  ,  ,  , 1.9
21:10:51, 1287, 1278, 83217, 4.20, 69.30, -11.74, 42.65,  ,  ,  , 1.9
21:10:52, 1289, 1280, 83196, 2.45, 281.10, -11.74, 42.55,  , 78.203977, 15.821805, 1.9
21:10:53, 1291, 1282, 83176, 3.65, 119.40, -11.75, 42.45,  ,  ,  , 1.9
21:10:54, 1293, 1284, 83158, 3.45, 349.30, -11.76, 42.40,  ,  ,  , 1.9
21:10:55, 1294, 1285, 83140, 3.15, 174.40, -11.76, 42.30,  , 78.203973, 15.821865, 1.9
21:10:56, 1296, 1287, 83119,  ,  , -11.77, 42.25,  ,  ,  , 1.9
21:10:57, 1298, 1289, 83098,  ,  , -11.78, 42.15,  ,  ,  , 1.8
21:10:58, 1300, 1291, 83078,  ,  , -11.78, 42.00,  ,  ,  , 1.8
21:10:59, 1302, 1293, 83059, 2.75, 299.60, -11.80, 41.85,  ,  ,  , 1.8
21:11:00, 1304, 1295, 83040, 4.20, 133.30, -11.81, 41.70,  ,  ,  , 1.8
21:11:01, 1305, 1296, 83022, 3.50, 359.30, -11.81, 41.60,  , 78.203973, 15.822073, 1.8
21:11:02, 1307, 1298, 83001, 3.05, 190.70, -11.83, 41.40,  ,  ,  , 1.8
21:11:03, 1309, 1300, 82980, 3.85, 52.40, -11.83, 41.25,  ,  ,  , 1.8
21:11:04, 1311, 1302, 82960, 1.95, 262.50, -11.84, 41.10,  , 78.203980, 15.822143, 1.8
21:11:05, 1313, 1304, 82938,  ,  , -11.85, 41.00,  ,  ,  , 1.8
21:11:06, 1315, 1306, 82917,  ,  , -11.86, 40.80,  ,  ,  , 1.8
21:11:07, 1317, 1308, 82896,  ,  , -11.88, 40.70,  ,  ,  , 1.9
21:11:09, 1321, 1312, 82853, 2.75, 201.00, -11.90, 40.50,  ,  ,  , 1.9
21:11:10, 1323, 1314, 82832, 2.50, 39.90, -11.92, 40.40,  , 78.203975, 15.822240, 1.9
21:11:11, 1325, 1316, 82809, 2.10, 218.20, -11.93, 40.25,  ,  ,  , 1.9
21:11:12, 1327, 1318, 82786, 2.90, 64.30, -11.95, 40.15,  ,  ,  , 2.0
21:11:13, 1329, 1320, 82764, 2.60, 248.20, -11.96, 40.10,  , 78.203975, 15.822283, 2.0
21:11:17, 1328, 1319, 82778, 1.10, 97.90, -11.99, 39.90,  ,  ,  , 1.3
21:11:18, 1328, 1319, 82782, 1.10, 97.90, -11.99, 39.90,  ,  ,  , 1.1
21:11:19, 1327, 1318, 82786, 0.50, 30.90, -11.96, 39.85,  , 78.203973, 15.822573, 0.9
21:11:21, 1310, 1301, 82973, 0.45, 75.90, -11.88, 39.80,  ,  ,  , -0.9
21:11:22, 1301, 1292, 83068, 1.65, 59.40, -11.82, 39.75,  , 78.203917, 15.822600, -1.8
21:11:23, 1275, 1266, 83350, 1.40, 78.40, -11.77, 39.70,  , 78.203942, 15.822508, -3.7
21:11:24, 1271, 1262, 83394,  ,  , -11.73, 39.60,  ,  ,  , -4.2
21:11:25, 1267, 1258, 83440,  ,  , -11.68, 39.60,  ,  ,  , -4.7
21:11:26, 1261, 1252, 83505, 0.60, 134.60, -11.66, 39.55,  ,  ,  , -5.3
21:11:27, 1255, 1246, 83565, 0.75, 170.30, -11.61, 39.55,  ,  ,  , -5.3
21:11:28, 1250, 1241, 83626, 1.20, 141.60, -11.56, 39.60,  , 78.203958, 15.822703, -5.3
21:11:29, 1241, 1232, 83718,  ,  , -11.55, 39.70,  ,  ,  , -7.2
21:11:30, 1233, 1224, 83810,  ,  , -11.55, 39.75,  ,  ,  , -7.9
21:11:31, 1224, 1215, 83902,  ,  , -11.50, 39.80,  ,  ,  , -8.6
21:11:32, 1216, 1207, 83993, 1.50, 170.20, -11.46, 39.90,  ,  ,  , -8.6
21:11:33, 1207, 1198, 84086, 1.60, 155.90, -11.44, 40.00,  ,  ,  , -8.5
21:11:34, 1199, 1190, 84180, 1.50, 158.90, -11.41, 40.10,  , 78.203880, 15.822800, -8.5
21:11:38, 1165, 1156, 84546, 1.40, 167.40, -11.24, 40.60,  ,  ,  , -7.8
21:11:39, 1157, 1148, 84639, 1.40, 167.40, -11.19, 40.70,  ,  ,  , -8.0
21:11:40, 1148, 1139, 84732, 2.40, 145.40, -11.14, 40.80, -7.0, 78.203787, 15.822918, -8.3
21:11:41, 1140, 1131, 84825, 1.95, 155.10, -11.09, 41.00,  ,  ,  , -8.5
21:11:42, 1131, 1122, 84918, 2.30, 144.80, -11.03, 41.05,  ,  ,  , -8.5
21:11:43, 1123, 1114, 85012, 1.70, 134.50, -10.98, 41.20,  , 78.203742, 15.823178, -8.5
21:12:13, 877, 868, 87758, 1.20, 123.70, -9.26, 40.65,  , 78.203313, 15.823688, -8.2
21:12:20, 819, 810, 88408, 1.50, 113.20, -8.92, 40.40,  ,  ,  , -8.2
21:12:21, 811, 802, 88501, 0.75, 69.90, -8.93, 40.45,  ,  ,  , -8.2
21:12:22, 803, 794, 88594, 1.55, 119.40, -8.95, 40.65,  , 78.203293, 15.824005, -8.2
21:12:23, 795, 786, 88685, 0.70, 103.10, -8.95, 41.00,  ,  ,  , -8.2
21:12:24, 787, 778, 88777, 0.65, 10.20, -8.96, 41.40,  ,  ,  , -8.2
21:12:25, 779, 770, 88870, 0.80, 136.70, -8.95, 41.85,  , 78.203295, 15.824067, -8.2
21:12:26, 771, 762, 88964, 0.30, 136.70, -8.94, 42.40,  ,  ,  , -8.2
21:12:27, 762, 753, 89059, 0.70, 353.60, -8.94, 43.00,  ,  ,  , -8.2
21:12:28, 754, 745, 89154, 1.00, 135.50, -8.94, 43.60,  , 78.203298, 15.824090, -8.2
21:12:29, 746, 737, 89249, 0.15, 135.50, -8.96, 44.30,  ,  ,  , -8.2
21:12:30, 738, 729, 89344, 0.50, 10.60, -8.99, 44.95,  ,  ,  , -8.2
21:12:31, 729, 720, 89440, 0.30, 10.60, -9.01, 45.70,  , 78.203303, 15.824105, -8.2
21:12:33, 713, 704, 89625, 0.65, 333.80, -9.02, 47.15,  ,  ,  , -8.2
21:12:34, 705, 696, 89718, 0.45, 123.90, -9.01, 47.80, -7.0, 78.203312, 15.824105, -8.2
21:12:35, 697, 688, 89814, 0.75, 345.40, -8.99, 48.50,  ,  ,  , -8.2
21:12:36, 688, 679, 89911, 0.90, 354.40, -8.94, 49.15,  ,  ,  , -8.2
21:12:37, 680, 671, 90008, 0.55, 31.90, -8.90, 49.85,  , 78.203323, 15.824110, -8.2
21:12:38, 672, 663, 90100, 0.65, 19.50, -8.85, 50.50,  ,  ,  , -8.2
21:12:39, 664, 655, 90193,  ,  , -8.77, 51.15,  ,  ,  , -8.2
21:12:40, 656, 647, 90286, 0.60, 52.60, -8.76, 51.80,  , 78.203347, 15.824137, -8.2
21:12:41, 648, 639, 90381, 1.20, 15.20, -8.76, 52.45,  ,  ,  , -8.2
21:12:42, 640, 631, 90475, 1.25, 10.20, -8.71, 53.10,  ,  ,  , -8.1
21:12:43, 632, 623, 90570, 0.75, 32.60, -8.63, 53.70,  , 78.203377, 15.824165, -8.1
21:12:45, 615, 606, 90763, 0.70, 40.40, -8.56, 54.90,  ,  ,  , -8.2
21:12:46, 607, 598, 90860, 1.25, 356.20, -8.57, 55.50,  , 78.203402, 15.824155, -8.2
21:12:47, 599, 590, 90956, 1.25, 356.20, -8.58, 56.05,  ,  ,  , -8.2
21:12:48, 590, 581, 91052, 1.30, 354.00, -8.57, 56.60,  ,  ,  , -8.2
21:12:49, 582, 573, 91148, 1.65, 339.90, -8.57, 57.10,  , 78.203447, 15.824127, -8.2
21:12:50, 574, 565, 91242, 0.05, 339.90, -8.57, 57.60,  ,  ,  , -8.2
21:12:51, 566, 557, 91337, 1.10, 326.10, -8.57, 58.10,  ,  ,  , -8.2
21:12:52, 558, 549, 91432, 0.60, 294.50, -8.56, 58.60,  , 78.203467, 15.824075, -8.2
21:12:53, 550, 541, 91529, 0.85, 330.40, -8.52, 59.10,  ,  ,  , -8.2
21:12:54, 541, 532, 91627, 0.85, 310.30, -8.51, 59.55,  ,  ,  , -8.2
21:12:55, 533, 524, 91726, 0.35, 160.20, -8.49, 60.00,  , 78.203480, 15.824035, -8.2
21:12:56, 525, 516, 91820, 0.90, 292.70, -8.46, 60.40,  ,  ,  , -8.2
21:12:57, 517, 508, 91915, 0.70, 187.00, -8.44, 60.80,  ,  ,  , -8.2
21:12:58, 509, 500, 92010, 1.05, 312.40, -8.45, 61.20,  , 78.203482, 15.823983, -8.2
21:12:59, 501, 492, 92106, 0.75, 170.30, -8.49, 61.60,  ,  ,  , -8.2
21:13:00, 493, 484, 92202, 0.80, 284.70, -8.52, 61.90,  ,  ,  , -8.1
21:13:01, 485, 476, 92298, 0.85, 317.00, -8.58, 62.25, -6.5, 78.203488, 15.823923, -8.1
21:13:02, 477, 468, 92394, 0.40, 309.30, -8.60, 62.60,  ,  ,  , -8.1
21:13:03, 468, 459, 92490, 0.40, 289.60, -8.61, 62.90,  ,  ,  , -8.1
21:13:04, 460, 451, 92586, 1.05, 327.90, -8.61, 63.20,  , 78.203503, 15.823863, -8.1
21:13:06, 445, 436, 92774, 0.80, 331.90, -8.62, 63.80,  ,  ,  , -8.1
21:13:07, 437, 428, 92868, 1.05, 300.30, -8.61, 64.10,  , 78.203518, 15.823803, -8.0
21:13:08, 429, 420, 92963, 0.65, 270.50, -8.62, 64.35,  ,  ,  , -8.0
21:13:09, 421, 412, 93057, 1.25, 295.90, -8.60, 64.65,  ,  ,  , -8.0
21:13:10, 413, 404, 93152, 1.75, 302.80, -8.57, 64.95,  , 78.203533, 15.823672, -8.0
21:13:11, 405, 396, 93244, 0.90, 300.10, -8.53, 65.25,  ,  ,  , -7.9
21:13:12, 398, 389, 93336, 1.75, 291.20, -8.53, 65.55,  ,  ,  , -7.9
21:13:13, 390, 381, 93428, 1.35, 305.60, -8.58, 65.80,  , 78.203553, 15.823510, -7.9
21:13:15, 374, 365, 93614, 1.25, 290.90, -8.63, 66.25,  ,  ,  , -7.8
21:13:16, 367, 358, 93708, 1.80, 299.30, -8.62, 66.40,  , 78.203580, 15.823308, -7.8
21:13:17, 359, 350, 93804, 1.80, 299.30, -8.60, 66.60,  ,  ,  , -7.8
21:13:18, 351, 342, 93902, 1.35, 301.90, -8.58, 66.80,  ,  ,  , -7.8
21:13:19, 343, 334, 94000, 2.50, 301.50, -8.56, 66.90,  , 78.203610, 15.823087, -7.8
21:13:20, 334, 325, 94099, 2.00, 291.40, -8.53, 67.10,  ,  ,  , -7.9
21:13:21, 326, 317, 94197, 2.15, 290.50, -8.52, 67.20,  ,  ,  , -7.9
21:13:22, 318, 309, 94296, 2.70, 294.70, -8.52, 67.35,  , 78.203640, 15.822798, -7.9
21:13:23, 310, 301, 94390, 1.95, 285.30, -8.51, 67.50,  ,  ,  , -7.9
21:13:24, 303, 294, 94484, 2.60, 301.00, -8.50, 67.60,  ,  ,  , -7.9
21:13:25, 295, 286, 94578, 2.60, 301.80, -8.49, 67.70,  , 78.203670, 15.822500, -7.9
21:13:27, 279, 270, 94766, 3.05, 301.60, -8.45, 67.90,  ,  ,  , -7.9
21:13:28, 272, 263, 94860, 2.10, 299.10, -8.42, 68.00, -6.2, 78.203707, 15.822198, -7.9
21:13:29, 263, 254, 94960, 3.10, 300.20, -8.38, 68.10,  ,  ,  , -7.9
21:13:30, 255, 246, 95062, 2.10, 297.80, -8.35, 68.20,  ,  ,  , -8.0
21:13:31, 247, 238, 95164, 2.45, 304.30, -8.34, 68.30,  , 78.203742, 15.821905, -8.0
21:13:32, 239, 230, 95256, 2.60, 296.30, -8.33, 68.30,  ,  ,  , -7.9
21:13:33, 232, 223, 95349, 2.25, 307.20, -8.32, 68.30,  ,  ,  , -7.9
21:13:34, 224, 215, 95442, 2.60, 304.10, -8.31, 68.35,  , 78.203777, 15.821623, -7.9
21:13:35, 216, 207, 95544, 3.00, 305.20, -8.30, 68.40,  ,  ,  , -7.9
21:13:36, 207, 198, 95648, 2.30, 300.70, -8.32, 68.35,  ,  ,  , -7.9
21:13:37, 199, 190, 95752, 2.75, 301.80, -8.33, 68.35,  , 78.203815, 15.821322, -8.0
21:13:38, 191, 182, 95849, 2.10, 301.10, -8.34, 68.35,  ,  ,  , -8.0
21:13:39, 183, 174, 95946, 2.15, 311.60, -8.33, 68.25,  ,  ,  , -8.0
21:13:40, 175, 166, 96044, 2.30, 306.30, -8.35, 68.20,  , 78.203850, 15.821073, -8.0
21:13:41, 167, 158, 96138, 2.30, 306.30, -8.37, 68.10,  ,  ,  , -8.0
21:13:42, 160, 151, 96233, 1.85, 317.00, -8.41, 68.05,  ,  ,  , -8.0
21:13:43, 152, 143, 96328, 1.95, 311.20, -8.44, 67.95,  , 78.203883, 15.820887, -7.9
21:13:45, 136, 127, 96523, 2.15, 324.00, -8.46, 67.80,  ,  ,  , -7.9
21:13:46, 128, 119, 96622, 2.45, 314.30, -8.47, 67.70,  , 78.203930, 15.820700, -7.9
21:13:47, 120, 111, 96720, 2.45, 314.30, -8.49, 67.60,  ,  ,  , -8.0
21:13:48, 112, 103, 96820, 3.05, 318.50, -8.50, 67.50,  ,  ,  , -8.0
21:13:49, 104, 95, 96920, 2.60, 323.80, -8.50, 67.45,  , 78.203988, 15.820478, -7.9
21:13:50, 97, 88, 97016, 2.60, 323.80, -8.50, 67.35,  ,  ,  , -7.9
21:13:51, 89, 80, 97112, 4.30, 324.10, -8.51, 67.30,  ,  ,  , -7.8
21:13:52, 81, 72, 97208, 3.85, 323.20, -8.52, 67.25,  , 78.204072, 15.820162, -7.8
21:13:53, 73, 64, 97307, 5.15, 321.30, -8.57, 67.20,  ,  ,  , -7.8
21:13:54, 65, 56, 97406, 5.00, 322.50, -8.76, 67.10,  ,  ,  , -7.8
21:13:55, 58, 49, 97506, 5.70, 320.90, -8.94, 67.05, -6.0, 78.204177, 15.819745, -7.9
21:13:56, 50, 41, 97602, 6.65, 319.40, -9.23, 66.95,  ,  ,  , -7.9
21:13:57, 42, 33, 97698, 5.40, 323.70, -9.48, 66.85,  ,  ,  , -7.8
21:13:58, 35, 26, 97794, 6.15, 319.50, -9.74, 66.75,  , 78.204307, 15.819242, -7.8
21:16:04, 2, -6, 98222,  ,  , -17.57, 79.75,  ,  ,  , -0.3
21:17:59, 6, -2, 98170,  ,  , -13.43, 80.20,  ,  ,  , 0
21:18:17, 6, -2, 98160,  ,  , -10.56, 74.85,  ,  ,  , 0
21:18:35, 7, -1, 98158,  ,  , -12.31, 68.40,  ,  ,  , 0
21:18:41, 6, -2, 98160,  ,  , -13.23, 67.95,  ,  ,  , 0
21:18:47, 7, -1, 98156,  ,  , -13.87, 68.20,  ,  ,  , 0
21:18:53, 7, -1, 98150,  ,  , -14.36, 68.85,  ,  ,  , 0.1
21:18:59, 8, 0, 98136,  ,  , -14.37, 69.90, -10.2,  ,  , 0.1
21:19:05, 8, 0, 98140,  ,  , -13.92, 71.25,  ,  ,  , 0.1
